Позиция,Наименование,Количество на устройство,Примечание
1,Плата ESP8266 NodeMCU v2/v3 (или Wemos D1 mini),1,"ESP-12, 4 МБ флеша; разъём USB и стабилизатор 3.3 В уже на плате"
2,Ультразвуковой датчик A02YYUW (UART),1,"Влагозащищённый, 3.3–5 В, мёртвая зона 3 см. Замена: JSN-SR04T v3 в режиме UART"
3,HC-SR04,1,"Дешёвая замена для стенда: питание 5 В, от влаги не защищён"
4,Тактовая кнопка 6х6 мм,1,"Только для D1 mini: на NodeMCU есть встроенная кнопка FLASH"
5,Светодиод RGB с общим катодом 5 мм,1,Виден снаружи через отверстие в корпусе
6,Зуммер активный 3.3 В,1,Опционально: подтверждение при монтаже
7,Транзистор NPN S8050 (или 2N3904),1,Ключ зуммера
8,Резистор 220 Ом,3,Токоограничение RGB-светодиода
9,Резистор 1 кОм,1,База транзистора зуммера
10,Резистор 1 кОм + 2 кОм,1 компл.,Делитель Echo для HC-SR04
11,Зарядное устройство USB 5 В 1 А с кабелем micro-USB,1,"Питание устройства; кабель — до ближайшей розетки"
12,Макетная плата 40x60 мм,1,Обвязка рядом с NodeMCU
13,Гребёнки PBS 2.54,2 компл.,Разъёмное крепление NodeMCU
14,Провода Dupont,1 компл.,
15,"Герметичная коробка (например, распаечная IP65)",1,Корпус: подбирается по размеру платы
16,Гермоввод PG7,1,Для кабеля питания
17,Пакетик силикагеля,1,Против конденсата внутри корпуса
18,Винты М2х6 с гайками,4,Крепление платы к корпусу
